запрос,затравка,лучшая позиция в подсказке (0 = первая),сколько раз встретился
2 ноненаль как избавиться от запаха,2 ноненаль,0,9
2 ноненаль что это такое простыми,2 ноненаль,0,8
2 ноненаль что это такое,2 ноненаль,0,7
2 ноненаль что это,2 ноненаль,0,5
2 ноненаль что это такое простыми словами в медицине,2 ноненаль,0,2
молекула 2 ноненаль,2 ноненаль,0,2
чем смыть 2-ноненаль,2 ноненаль,0,2
2 ноненаль,2 ноненаль,0,1
альдегид 2-ноненаль,2 ноненаль,0,1
вещество 2-ноненаль,2 ноненаль,0,1
2 ноненаль как избавиться,2 ноненаль,1,5
что такое 2 ноненаль,2 ноненаль,1,4
запах 2 ноненаль,2 ноненаль,1,2
2 ноненаль что,2 ноненаль,3,2
2 ноненаль что это такое простыми словами,2 ноненаль,5,2
ноненаль 2,2 ноненаль,5,2
возрастной запах мочи у женщин,возрастной запах,0,10
как убрать возрастной запах,возрастной запах,0,9
возрастной запах тела,возрастной запах,0,6
возрастной почему а,возрастной запах,0,1
возрастной запах,возрастной запах,2,3
японский гель для душа от запаха старости,гель от запаха старости,0,4
гель для душа от запаха старости,гель от запаха старости,0,3
гель от запаха старости,гель от запаха старости,0,1
как вывести запах бабушки из квартиры,запах бабушки,0,8
как убрать запах из квартиры после бабушки,запах бабушки,0,7
запах бабушки причина,запах бабушки,0,6
запах бабушки,запах бабушки,0,3
как убрать запах бабушки в квартире,запах бабушки,1,8
запах ветхости в бабушкином шкафу сканворд,запах бабушки,1,6
знаменитые бабушкины пироги запах которых,запах бабушки,1,4
как убрать запах бабки из квартиры,запах бабушки,2,1
бабушкин запах,запах бабушки,3,4
запах в квартире как избавиться,запах в квартире,0,3
запах в туалете канализацией в квартире причина,запах в квартире,0,3
чем убрать запах в квартире от предыдущих жильцов,запах в квартире,0,3
как убрать запах сигарет в квартире,запах в квартире,0,3
как убрать трупный запах в квартире,запах в квартире,0,3
запах в квартире непонятно откуда как избавиться,запах в квартире,0,2
запах в квартире после ремонта,запах в квартире,0,2
запах в квартире от соседей куда обращаться,запах в квартире,0,2
вреден ли запах лилии в квартире,запах в квартире,0,2
как убрать запах гари в квартире после дыма,запах в квартире,0,2
убрать запах гари в квартире после сгорания еды,запах в квартире,0,2
как убрать запах рыбы при готовке в квартире,запах в квартире,0,2
неприятный запах из кондиционера в квартире,запах в квартире,0,2
запах ацетона в квартире причины появления,запах в квартире,0,1
как убрать запах краски в квартире быстро,запах в квартире,0,1
как убрать запах дыма в квартире после задымления,запах в квартире,0,1
как убрать запах шпал в доме,запах в квартире,0,1
запах канализации в квартире на первом этаже,запах в квартире,0,1
запах тухлых яиц в квартире,запах в квартире,0,1
запах газа в квартире что делать,запах в квартире,1,3
есть ли запах от хомяков в квартире,запах в квартире,1,3
как убрать запах сырости в квартире,запах в квартире,1,3
чем убрать запах сигарет в квартире,запах в квартире,1,3
запах в квартире как избавиться быстро в домашних условиях,запах в квартире,1,2
запах в квартире непонятно откуда,запах в квартире,1,2
чем вывести трупный запах в квартире,запах в квартире,1,2
как убрать запах гари в квартире,запах в квартире,1,2
как убрать запах жареной рыбы в квартире,запах в квартире,1,2
запах в квартире,запах в квартире,1,1
запах аммиака в квартире,запах в квартире,1,1
убрать запах краски в квартире быстро,запах в квартире,1,1
как убрать запах еды в квартире,запах в квартире,1,1
чем убрать запах гари в доме после задымления,запах в квартире,1,1
запах из кондиционера в квартире,запах в квартире,1,1
запах гнилого лука в квартире,запах в квартире,1,1
запах от кондиционера в квартире,запах в квартире,1,1
запах канализации в квартире какие причины,запах в квартире,1,1
как убрать запах табака в квартире,запах в квартире,1,1
как убрать запах креозота в доме из шпал,запах в квартире,1,1
сладковатый запах в квартире что это,запах в квартире,1,1
запах вареных яиц в квартире,запах в квартире,1,1
впитывается ли запах айкоса в квартире,запах в квартире,2,3
запах из кондиционера в квартире что делать,запах в квартире,2,3
запах в квартире как избавиться быстро в домашних,запах в квартире,2,2
как убрать запах после жарки рыбы в квартире,запах в квартире,2,2
запах из канализации в квартире как устранить,запах в квартире,2,2
запах ладана в квартире к чему это приметы,запах в квартире,2,2
какой запах отпугивает тараканов в квартире,запах в квартире,2,2
чем убрать трупный запах в квартире,запах в квартире,2,2
как быстро убрать запах сигарет в квартире,запах в квартире,2,1
запах газа в квартире,запах в квартире,2,1
как убрать запах сгоревшей еды в квартире,запах в квартире,2,1
как убрать запах жареного в квартире,запах в квартире,2,1
запах в нашем доме для меня запах рая,запах в квартире,2,1
запах в квартире непонятно откуда куда обращаться,запах в квартире,2,1
шериф лабрадор странный запах в доме,запах в квартире,2,1
убрать запах из выгребной ямы в частном доме,запах в квартире,2,1
запах в квартире как убрать,запах в квартире,3,2
трупный запах в квартире сколько держится,запах в квартире,3,2
убрать запах жареной рыбы в квартире,запах в квартире,3,2
запах жженого сахара в квартире что это,запах в квартире,3,2
чем убрать неприятный запах в квартире,запах в квартире,3,2
неприятный запах от кондиционера в квартире,запах в квартире,3,2
как убрать запах с туалета в квартире,запах в квартире,3,2
запах ацетона в квартире причины,запах в квартире,3,1
как убрать запах бензина в квартире,запах в квартире,3,1
как сделать вкусный запах в квартире,запах в квартире,3,1
убрать запах гари в квартире,запах в квартире,3,1
как убрать запах животных в квартире,запах в квартире,3,1
запах в доме как избавиться неприятный запах,запах в квартире,3,1
запах из кондиционера в квартире как устранить,запах в квартире,3,1
запах ладана в квартире,запах в квартире,3,1
как убрать запах плесени в квартире,запах в квартире,3,1
как убрать запах в квартире,запах в квартире,3,1
как убрать запах хлорки в квартире,запах в квартире,3,1
запах из выгребной ямы в частном доме,запах в квартире,3,1
запах в квартире куда обращаться,запах в квартире,4,2
чем убрать запах жареной рыбы в квартире,запах в квартире,4,2
запах ладана в квартире к чему это,запах в квартире,4,2
как убрать неприятный запах в квартире,запах в квартире,4,2
как убрать запах аммиака в квартире,запах в квартире,4,1
как быстро убрать неприятный запах в квартире,запах в квартире,4,1
запах канализации в туалете в квартире,запах в квартире,4,1
как убрать запах горелого в квартире,запах в квартире,4,1
неприятный запах из вентиляции в квартире что делать,запах в квартире,4,1
как убрать запах еды в квартире после готовки,запах в квартире,4,1
запах от воды из скважины в загородном доме,запах в квартире,4,1
запах от кондиционера в квартире почему,запах в квартире,4,1
сладкий запах в квартире,запах в квартире,4,1
как вывести запах в квартире после предыдущих хозяев,запах в квартире,4,1
яйцо в доме запах,запах в квартире,4,1
чем убрать запах гари в квартире,запах в квартире,5,2
запах плесени в квартире как избавиться,запах в квартире,5,2
запах аммиака в квартире причины,запах в квартире,5,1
как убрать запах табака в квартире быстро,запах в квартире,5,1
запах с канализации в квартире в ванной,запах в квартире,5,1
как убрать запах дыма в квартире,запах в квартире,5,1
как убрать запах горелой еды в квартире,запах в квартире,5,1
запах в нашем доме для меня запах,запах в квартире,5,1
запах в квартире как избавиться быстро в домашних условиях народными средствами,запах в квартире,5,1
запах лака в квартире,запах в квартире,5,1
запах от кота в квартире как избавиться,запах в квартире,5,1
запах растворителя в квартире,запах в квартире,5,1
как нейтрализовать запах хлорки в квартире,запах в квартире,5,1
убрать запах курева в квартире быстро и эффективно,запах в квартире,5,1
запах из выгребной ямы в доме как устранить,запах в квартире,5,1
запах сигарет в твоей квартире капсайз,запах в квартире,6,2
остается ли запах от айкоса в квартире,запах в квартире,6,1
убрать запах табака в квартире быстро,запах в квартире,6,1
как вывести запах табака в квартире,запах в квартире,6,1
чем убрать запах дыма в квартире гари,запах в квартире,6,1
если в квартире запах газа,запах в квартире,6,1
запах в квартире как избавиться быстро,запах в квартире,6,1
убрать неприятный запах в квартире,запах в квартире,6,1
как убрать запах от кота в квартире,запах в квартире,6,1
как уменьшить запах краски в квартире при ремонте,запах в квартире,6,1
как убрать запах собаки в квартире,запах в квартире,6,1
как убрать запах химии в квартире,запах в квартире,6,1
сладковатый запах в квартире что это значит,запах в квартире,6,1
запах тухлых яиц в доме,запах в квартире,6,1
как удалить запах гари в квартире после пожара,запах в квартире,7,2
запах лука в квартире а лука нет,запах в квартире,7,1
запах рыбы в квартире без причины,запах в квартире,7,1
запах краски в квартире сколько держится,запах в квартире,7,1
куда звонить если запах газа в квартире,запах в квартире,7,1
запах канализации в квартире куда обращаться с жалобой,запах в квартире,7,1
как устранить неприятный запах в квартире,запах в квартире,7,1
запах гари в квартире непонятно откуда,запах в квартире,7,1
как убрать запах растворителя в квартире,запах в квартире,7,1
убрать запах табака в квартире,запах в квартире,7,1
как убрать запах краски в квартире,запах в квартире,7,1
хороший запах в квартире как сделать,запах в квартире,7,1
чем убрать запах в квартире,запах в квартире,7,1
как убрать неприятный запах в квартире быстро и эффективно,запах в квартире,7,1
чем убрать запах аммиака в квартире,запах в квартире,8,1
как быстро убрать запах горелого в квартире,запах в квартире,8,1
запах кота в квартире как вывести,запах в квартире,8,1
как освежить запах в квартире в домашних условиях,запах в квартире,8,1
что делать если запах газа в квартире,запах в квартире,8,1
как убрать запах в квартире от старых людей,запах в квартире,8,1
как убрать запах от сигарет в квартире,запах в квартире,8,1
какой запах у газа в квартире при утечке,запах в квартире,8,1
запах после ремонта в квартире как устранить,запах в квартире,8,1
в доме запах хлеба и парного молока песня,запах в квартире,8,1
запах покойника в доме к чему это,запах в квартире,8,1
как убрать запах аммиака в туалете,запах в квартире,9,1
как убрать запах браги при брожении в квартире,запах в квартире,9,1
как вывести запах сырости в квартире,запах в квартире,9,1
трупный запах в квартире что делать,запах в квартире,9,1
если в квартире чувствуется запах газа нужно,запах в квартире,9,1
запах животных в квартире как устранить,запах в квартире,9,1
неприятный запах в квартире как избавиться,запах в квартире,9,1
как убрать запах лежачего больного в квартире,запах в квартире,9,1
неприятный запах в квартире непонятно откуда,запах в квартире,9,1
как убрать запах гари в квартире после пожара,запах в квартире,9,1
запах резины в квартире,запах в квартире,9,1
что хорошо впитывает запахи в квартире,запах в квартире,9,1
запах в шкафу с одеждой как избавиться,запах в шкафу,0,5
как убрать запах в шкафу с одеждой,запах в шкафу,0,5
запах от вещей в шкафу как избавиться,запах в шкафу,0,4
запах в шкафу как избавиться,запах в шкафу,0,3
как убрать запах в шкафу,запах в шкафу,0,3
почему вещи в шкафу приобретают неприятный запах,запах в шкафу,0,3
какой запах отпугивает моль в шкафу,запах в шкафу,0,3
запах в шкафу с одеждой как избавиться затхлый,запах в шкафу,0,2
запах от постельного белья в шкафу как избавиться,запах в шкафу,0,2
как удалить запах в шкафу для одежды,запах в шкафу,0,2
какие запахи не любит моль в шкафу,запах в шкафу,0,2
чем убрать запах в шкафу с одеждой неприятный,запах в шкафу,0,2
как убрать запах в шкафу с одеждой неприятный запах,запах в шкафу,0,1
как убрать запах плесени в шкафу,запах в шкафу,1,3
запах постельного белья в шкафу причина,запах в шкафу,1,2
как убрать неприятный запах в шкафу с вещами,запах в шкафу,1,2
убрать запах в шкафу для одежды,запах в шкафу,1,2
запах в кухонном шкафу как избавиться,запах в шкафу,1,2
как убрать запах новой мебели в шкафу,запах в шкафу,1,2
чем убрать запах в шкафу,запах в шкафу,1,2
как убрать запах в кухонном шкафу неприятный запах,запах в шкафу,1,1
запах в шкафу с одеждой,запах в шкафу,2,3
как удалить запах в шкафу,запах в шкафу,2,3
чем убрать запах плесени в шкафу,запах в шкафу,2,3
запах вещей в шкафу как избавиться,запах в шкафу,2,2
убрать запах в шкафу для одежды затхлости,запах в шкафу,2,2
чем убрать запах старой мебели в шкафу,запах в шкафу,2,2
запах в шкафу,запах в шкафу,2,1
запах в бельевом шкафу как устранить,запах в шкафу,2,1
как устранить запах в шкафу с одеждой неприятный запах,запах в шкафу,2,1
как убрать запах плесени в шкафу на кухне,запах в шкафу,2,1
как убрать запах сырости в шкафу,запах в шкафу,3,3
как убрать неприятный запах в шкафу,запах в шкафу,3,3
чем убрать неприятный запах в шкафу,запах в шкафу,3,3
запах в шкафу с постельным бельем как избавиться,запах в шкафу,3,2
белье в шкафу приобретает неприятный запах что делать,запах в шкафу,3,2
неприятный запах в шкафу с одеждой,запах в шкафу,4,3
запах в шкафу с одеждой как избавиться причины возникновения,запах в шкафу,4,2
чем убрать запах сырости в шкафу,запах в шкафу,4,2
как убрать запах в бельевом шкафу,запах в шкафу,4,1
запах от моли в шкафу с одеждой,запах в шкафу,4,1
почему в шкафу появляется неприятный запах у чистого белья,запах в шкафу,5,2
неприятный запах в шкафу с одеждой как избавиться,запах в шкафу,5,2
как убрать запах в шкафу с посудой,запах в шкафу,5,2
запах сырости в шкафу с вещами,запах в шкафу,5,1
чем убрать затхлый запах в шкафу,запах в шкафу,5,1
почему чистое белье в шкафу приобретает неприятный запах,запах в шкафу,6,1
как вывести запах от сырости в шкафу,запах в шкафу,6,1
в шкафу неприятный запах как избавиться,запах в шкафу,6,1
как убрать запах в шкафу с одеждой неприятный,запах в шкафу,6,1
чем убрать запах в новом шкафу,запах в шкафу,6,1
чем убрать запах в шкафу с одеждой,запах в шкафу,7,2
как убрать неприятный запах в кухонном шкафу,запах в шкафу,7,1
в шкафу пахнет старым как убрать запах,запах в шкафу,7,1
постельное белье после стирки издает неприятный запах в шкафу,запах в шкафу,8,1
почему одежда в шкафу приобретает неприятный запах,запах в шкафу,8,1
запах белья в шкафу,запах в шкафу,9,1
как убрать запах в кухонном шкафу,запах в шкафу,9,1
чем убрать запах в старом шкафу,запах в шкафу,9,1
запах из стиральной машины как избавиться в домашних условиях,запах из стиральной машины,0,6
запах из стиральной машины что делать,запах из стиральной машины,0,6
запах из стиральной машины после чистки лимонной кислотой,запах из стиральной машины,0,6
запах из стиральной машины причины,запах из стиральной машины,0,5
запах из стиральной машины,запах из стиральной машины,0,4
чем убрать запах из стиральной машины автомат,запах из стиральной машины,0,4
убрать запах из стиральной машины в домашних условиях,запах из стиральной машины,0,4
из стиральной машины неприятный тухлый запах что делать,запах из стиральной машины,0,4
запах жженой резины из стиральной машины,запах из стиральной машины,0,2
запах из сливного шланга стиральной машины,запах из стиральной машины,0,2
запах из стиральной машины автомат как избавиться,запах из стиральной машины,0,1
плохой запах из стиральной машины из барабана как убрать,запах из стиральной машины,0,1
запах гари из стиральной машины при стирке,запах из стиральной машины,0,1
что делать если неприятный запах из стиральной машины,запах из стиральной машины,0,1
чем вывести запах из стиральной машины автомат неприятный запах,запах из стиральной машины,0,1
почему идёт запах из стиральной машины,запах из стиральной машины,0,1
неприятный запах из стиральной машины,запах из стиральной машины,0,1
неприятный запах из стиральной машины как избавиться от запаха,запах из стиральной машины,0,1
как убрать запах растворителя из стиральной машины,запах из стиральной машины,0,1
как убрать запах солярки из стиральной машины,запах из стиральной машины,0,1
химический запах из стиральной машины,запах из стиральной машины,0,1
запах из стиральной машины причины и устранение тухлый,запах из стиральной машины,1,7
запах из стиральной машины как избавиться в домашних,запах из стиральной машины,1,7
запах из стиральной машины что делать в домашних условиях,запах из стиральной машины,1,6
как убрать запах бензина из стиральной машины,запах из стиральной машины,1,2
как убрать вонючий запах из стиральной машины,запах из стиральной машины,1,2
запах гари из стиральной машины после стирки в барабане,запах из стиральной машины,1,2
запах жженой резины из стиральной машины после стирки,запах из стиральной машины,1,2
как убрать запах плесени из стиральной машины,запах из стиральной машины,1,2
запах из стиральной машины автомат как избавиться в домашних условиях,запах из стиральной машины,1,1
если запах из стиральной машины что делать,запах из стиральной машины,1,1
как убрать запах из стиральной машины лимонной кислотой,запах из стиральной машины,1,1
очень сильный запах из стиральной машины,запах из стиральной машины,1,1
запах резины из стиральной машины при стирке,запах из стиральной машины,1,1
как убрать сильный запах из стиральной машины,запах из стиральной машины,1,1
как убрать тухлый запах из стиральной машины,запах из стиральной машины,1,1
запах из стиральной машины причины и устранение,запах из стиральной машины,2,6
запах из стиральной машины как избавиться в домашних условиях лимонная кислота,запах из стиральной машины,2,5
запах стиральной машины неприятный из барабана как убрать,запах из стиральной машины,2,2
как вывести неприятный запах из стиральной машины,запах из стиральной машины,2,2
из стиральной машины пошел дым и запах жженой резины,запах из стиральной машины,2,2
запах гнили из стиральной машины что делать,запах из стиральной машины,2,1
запах из лотка стиральной машины,запах из стиральной машины,2,1
как убрать неприятный запах из стиральной машины автомат,запах из стиральной машины,2,1
резкий запах из стиральной машины,запах из стиральной машины,2,1
сильный запах из стиральной машины как устранить,запах из стиральной машины,2,1
тухлый запах из стиральной машины как избавиться,запах из стиральной машины,2,1
запах из стиральной машины чем убрать,запах из стиральной машины,2,1
неприятный запах из стиральной машины что делать,запах из стиральной машины,3,3
удалить запах из стиральной машины автомат,запах из стиральной машины,3,2
как убрать запах из стиральной машины в домашних,запах из стиральной машины,3,2
как убрать неприятный запах из стиральной машины,запах из стиральной машины,3,2
как убрать запах из барабана стиральной машины,запах из стиральной машины,3,1
запах гари из стиральной машины,запах из стиральной машины,3,1
идёт запах из стиральной машины что делать,запах из стиральной машины,3,1
запах из стиральной машины как убрать,запах из стиральной машины,3,1
убрать запах из стиральной машины лимонной кислотой,запах из стиральной машины,3,1
запах резины из стиральной машины после стирки,запах из стиральной машины,3,1
из стиральной машины неприятный тухлый запах,запах из стиральной машины,3,1
чем убрать запах из стиральной машины,запах из стиральной машины,3,1
запах из стиральной машины что делать как устранить,запах из стиральной машины,3,1
почему из стиральной машины неприятный запах из барабана,запах из стиральной машины,4,2
чем вывести запах из стиральной машины,запах из стиральной машины,4,2
чем убрать запах из стиральной машины в домашних условиях,запах из стиральной машины,4,2
как удалить запах из стиральной машины автомат,запах из стиральной машины,4,1
неприятный запах из барабана стиральной машины,запах из стиральной машины,4,1
запах горелого из стиральной машины,запах из стиральной машины,4,1
запах из стиральной машины как,запах из стиральной машины,4,1
неприятный запах из стиральной машины автомат как избавиться,запах из стиральной машины,4,1
запах из стиральной машины после чистки лимонной кислотой что делать,запах из стиральной машины,4,1
запах резины из стиральной машины,запах из стиральной машины,4,1
сильный запах из стиральной машины,запах из стиральной машины,4,1
как убрать запах тухлости из стиральной машины,запах из стиральной машины,4,1
как убрать запах сырости из стиральной машины,запах из стиральной машины,4,1
запах из стиральной машины что делать как устранить в домашних условиях,запах из стиральной машины,4,1
чем удалить запах из стиральной машины автомат,запах из стиральной машины,5,1
почему идёт запах из стиральной машины автомат из барабана,запах из стиральной машины,5,1
как убрать запах и плесень из стиральной машины,запах из стиральной машины,5,1
запах из стиральной машины как избавиться форум,запах из стиральной машины,5,1
как удалить неприятный запах из стиральной машины автомат,запах из стиральной машины,5,1
запах из стиральной машины после чистки,запах из стиральной машины,5,1
чем убрать запах растворителя из стиральной машины,запах из стиральной машины,5,1
запах из слива стиральной машины в канализацию,запах из стиральной машины,5,1
убрать запах из стиральной машины,запах из стиральной машины,5,1
неприятный запах из стиральной машины автомат,запах из стиральной машины,6,1
чем убрать запах бензина из стиральной машины,запах из стиральной машины,6,1
чем вывести запах бензина из стиральной машины,запах из стиральной машины,6,1
запах из стиральной машинки автомат как избавиться,запах из стиральной машины,6,1
как убрать запах из стиральной машины автомат в домашних,запах из стиральной машины,6,1
почему идет неприятный запах из стиральной машины,запах из стиральной машины,6,1
запах из стиральной машины как устранить,запах из стиральной машины,6,1
запах из стиральной машины после чистки как избавиться,запах из стиральной машины,6,1
как вывести запах солярки из стиральной машины,запах из стиральной машины,6,1
тухлый запах из стиральной машины,запах из стиральной машины,6,1
как удалить запах из стиральной машины,запах из стиральной машины,6,1
чем устранить запах из стиральной машины автомат,запах из стиральной машины,7,1
запах из барабана стиральной машины,запах из стиральной машины,7,1
как убрать запах из стиральной машинки автомат,запах из стиральной машины,7,1
чем убрать запах из стиральной машины автомат в домашних,запах из стиральной машины,7,1
почему идёт запах из стиральной машины канализацией,запах из стиральной машины,7,1
запах из стиральной машины как избавиться,запах из стиральной машины,7,1
запах из стиральной машины после стирки,запах из стиральной машины,7,1
как убрать запах из стиральной машины содой,запах из стиральной машины,7,1
пахнет из стиральной машины тухлый запах что делать,запах из стиральной машины,7,1
как устранить запах из стиральной машины автомат,запах из стиральной машины,8,1
запах болота из стиральной машины как убрать,запах из стиральной машины,8,1
убрать запах из стиральной машины в домашних,запах из стиральной машины,8,1
как удалить запах из стиральной машины в домашних условиях,запах из стиральной машины,8,1
неприятный запах из стиральной машины причины и как избавиться,запах из стиральной машины,8,1
запах из стиральной машины как избавиться в домашних условиях форум,запах из стиральной машины,8,1
как устранить неприятный запах из стиральной машины,запах из стиральной машины,8,1
запах из стиральной машины после чистки как избавиться в домашних условиях,запах из стиральной машины,8,1
чем убрать запах солярки из стиральной машины,запах из стиральной машины,8,1
при сливе воды из стиральной машины сильный запах тухлятины,запах из стиральной машины,8,1
как устранить запах из стиральной машины,запах из стиральной машины,8,1
запах тухлой воды из стиральной машины,запах из стиральной машины,9,2
неприятный запах из барабана стиральной машины автомат,запах из стиральной машины,9,1
запах из стиральной машинки автомат,запах из стиральной машины,9,1
почему из барабана стиральной машины идет неприятный запах,запах из стиральной машины,9,1
запах из стиральной машины как избавиться в домашних условиях уксусом и содой,запах из стиральной машины,9,1
неприятный запах из стиральной машины как избавиться,запах из стиральной машины,9,1
каким средством убрать запах из стиральной машины,запах из стиральной машины,9,1
чем убрать неприятный запах из стиральной машины,запах из стиральной машины,9,1
почему у пожилых людей пахнет изо рта,запах изо рта у пожилых,0,2
запах лекарств от тела человека причины,запах лекарств от тела,0,4
странный запах от тела мужчины,запах лекарств от тела,0,2
странный запах от тела женщины,запах лекарств от тела,1,2
появился странный запах от тела,запах лекарств от тела,1,2
странный запах от тела,запах лекарств от тела,1,1
странный запах от тела женщины после 40,запах лекарств от тела,2,2
чем убрать запах кошачьей мочи в квартире,запах мочи в квартире,0,5
чем убрать запах собачьей мочи в квартире,запах мочи в квартире,0,5
как нейтрализовать запах кошачьей мочи в квартире,запах мочи в квартире,0,5
запах мочи в квартире как избавиться,запах мочи в квартире,0,3
как убрать запах в туалете в квартире от мочи,запах мочи в квартире,0,3
запах кошачьей мочи как избавиться в квартире,запах мочи в квартире,0,2
чем убрать запах кошачьей мочи в квартире с линолеума,запах мочи в квартире,0,2
чем можно убрать запах кошачьей мочи в квартире,запах мочи в квартире,0,2
запах мочи в квартире,запах мочи в квартире,0,1
как убрать запах кошачьей мочи с бетона в квартире,запах мочи в квартире,0,1
убрать запах кошачьей мочи в квартире домашних условиях,запах мочи в квартире,0,1
чем перебить запах кошачьей мочи в квартире,запах мочи в квартире,1,6
как удалить запах кошачьей мочи в квартире,запах мочи в квартире,1,4
запах кошачьей мочи в квартире без кошки от чего,запах мочи в квартире,1,2
как убрать запах мочи в туалете в квартире,запах мочи в квартире,1,2
запах мочи собаки в квартире как избавиться,запах мочи в квартире,1,2
чем можно перебить запах кошачьей мочи в доме,запах мочи в квартире,1,2
чем устранить запах собачьей мочи в квартире,запах мочи в квартире,1,2
как вывести кошачий запах мочи в квартире,запах мочи в квартире,1,1
чем убить запах кошачьей мочи в квартире в домашних,запах мочи в квартире,1,1
нейтрализовать запах кошачьей мочи в квартире,запах мочи в квартире,1,1
как убрать запах от кошачьей мочи в квартире,запах мочи в квартире,1,1
как убрать кошачий запах мочи в квартире,запах мочи в квартире,2,4
чем убрать запах мочи в туалете в квартире,запах мочи в квартире,2,2
как убрать запах собачьей мочи в квартире,запах мочи в квартире,2,2
как нейтрализовать запах собачьей мочи в квартире,запах мочи в квартире,2,2
запах кошачьей мочи как избавиться в квартире домашних,запах мочи в квартире,2,1
чем убрать запах от кошачьей мочи в квартире,запах мочи в квартире,2,1
убрать запах кошачьей мочи в квартире,запах мочи в квартире,3,3
в квартире запах кошачьей мочи что делать,запах мочи в квартире,3,1
чем нейтрализовать запах кошачьей мочи в квартире,запах мочи в квартире,3,1
чем убрать запах кошачьей мочи с пола в квартире,запах мочи в квартире,3,1
как устранить запах собачьей мочи в квартире,запах мочи в квартире,3,1
убрать запах мочи в квартире,запах мочи в квартире,4,3
как убрать запах мочи в квартире,запах мочи в квартире,4,3
как убрать запах мочи от собаки в квартире,запах мочи в квартире,4,2
чем вывести запах кошачьей мочи в доме,запах мочи в квартире,4,1
как нейтрализовать запах мочи человека в квартире,запах мочи в квартире,4,1
что нейтрализует запах кошачьей мочи на полу в квартире,запах мочи в квартире,5,2
чем вывести запах кошачьей мочи в квартире,запах мочи в квартире,5,1
чем отбить кошачий запах мочи в квартире,запах мочи в квартире,5,1
как удалить запах кошачьей мочи в квартире с пола,запах мочи в квартире,5,1
как убрать запах мочи кота в квартире,запах мочи в квартире,6,2
чем вывести запах мочи в квартире,запах мочи в квартире,6,1
как убрать запах мочи собаки в квартире,запах мочи в квартире,6,1
чем убрать запах кошачьей мочи в квартире в воздухе,запах мочи в квартире,6,1
что убивает запах кошачьей мочи в квартире,запах мочи в квартире,7,3
как устранить запах кошачьей мочи в квартире,запах мочи в квартире,7,2
чем перебить запах кошачьей мочи в доме,запах мочи в квартире,7,1
как удалить запах собачьей мочи в квартире,запах мочи в квартире,8,1
как устранить запах мочи в квартире,запах мочи в квартире,9,1
чем убить запах собачьей мочи в квартире,запах мочи в квартире,9,1
убрать запах мочи с дивана от ребенка,запах от дивана,0,5
как убрать неприятный запах от дивана,запах от дивана,0,5
запах кожи и валюта на диване,запах от дивана,0,3
запах кожи и валюта на диване текст,запах от дивана,0,3
сильный запах от нового дивана что делать,запах от дивана,0,3
чем убрать запах мочи с дивана от ребенка,запах от дивана,0,3
запах от дивана как избавиться в домашних условиях,запах от дивана,0,2
запах от дивана нового,запах от дивана,0,2
запах от дивана аскона,запах от дивана,0,2
скачать песню запах кожи и валюта на диване,запах от дивана,0,1
чем убрать запах с дивана от рвоты,запах от дивана,1,5
запах кожи и валюта на диване скачать,запах от дивана,1,4
запах кожи и валюта на диване песня,запах от дивана,1,4
запах от дивана как избавиться,запах от дивана,1,3
как убрать запах мочи с дивана от ребенка,запах от дивана,1,2
чем убрать запах мочи с дивана от собаки,запах от дивана,1,2
неприятный запах от дивана,запах от дивана,1,2
текст песни запах кожи и валюты на диване,запах от дивана,1,2
запах детской мочи на диване как избавиться,запах от дивана,1,1
как убрать запах от нового дивана,запах от дивана,2,4
чем убрать запах от дивана,запах от дивана,2,3
чем убрать запах с дивана от мочи,запах от дивана,2,3
запах мочи на диване как избавиться,запах от дивана,2,2
чем убрать запах от кошачьей мочи с дивана,запах от дивана,2,2
запах от дивана,запах от дивана,2,1
как убрать запах с дивана от кошачьей мочи,запах от дивана,2,1
чем перебить запах кошачьей мочи на диване,запах от дивана,2,1
как убрать запах мочи с дивана от кота,запах от дивана,3,1
как убрать неприятный запах с дивана,запах от дивана,4,3
чем вывести запах мочи на диване,запах от дивана,4,1
как убрать запах мочи с дивана от собаки,запах от дивана,4,1
запах рвоты на диване как избавиться,запах от дивана,4,1
чем вывести неприятный запах с дивана,запах от дивана,5,2
запах кожи и валюта на диване memehunter,запах от дивана,5,2
запах от нового дивана как избавиться,запах от дивана,5,2
чем убрать неприятный запах с дивана,запах от дивана,5,1
запах кожи и валюта на диване слушать,запах от дивана,6,3
чем убрать запах мочи на диване,запах от дивана,6,2
как удалить неприятный запах с дивана,запах от дивана,6,1
чем убить запах мочи на диване,запах от дивана,7,2
запах мочи от дивана как избавиться,запах от дивана,7,1
как вывести неприятный запах с дивана,запах от дивана,8,2
как вывести запах с дивана от кошачьей мочи,запах от дивана,8,1
чем убрать запах кошачьей мочи на диване,запах от дивана,8,1
как нейтрализовать запах мочи на диване,запах от дивана,9,1
как убрать запах мочи с дивана от кошки,запах от дивана,9,1
как устранить запах мочи на диване,запах от дивана,9,1
почему от матраса идет неприятный запах,запах от матраса,0,5
запах от матраса аскона что делать,запах от матраса,0,4
как убрать запах с матраса от мочи,запах от матраса,0,4
запах от матраса как избавиться,запах от матраса,0,3
вреден ли запах от нового матраса,запах от матраса,0,3
запах от матраса орматек,запах от матраса,0,2
запах от нового матраса,запах от матраса,0,2
чем убрать запах мочи с матраса от ребенка,запах от матраса,0,2
запах от матраса как избавиться в домашних условиях,запах от матраса,1,3
как убрать запах мочи от матраса,запах от матраса,1,3
сильный запах от нового матраса что делать,запах от матраса,1,3
как убрать неприятный запах с матраса,запах от матраса,1,3
запах от матраса аскона,запах от матраса,1,2
чем перебить запах мочи от матраса,запах от матраса,1,2
запах от нового матраса как избавиться,запах от матраса,2,3
как убрать запах от нового матраса,запах от матраса,2,3
запах от нового матраса аскона,запах от матраса,2,2
запах от матраса,запах от матраса,2,1
запах мочи на матрасе как избавиться,запах от матраса,3,2
как убрать запах от матраса,запах от матраса,3,2
чем убрать запах мочи на матрасе,запах от матраса,4,2
чем убрать запах от матраса,запах от матраса,5,2
как убрать запах на матрасе,запах от матраса,6,1
как нейтрализовать запах мочи на матрасе,запах от матраса,7,1
запах от одежды после стирки в стиральной машине,запах от одежды,0,6
как убрать запах от сигарет с одежды,запах от одежды,0,4
за сколько выветривается запах сигарет от одежды,запах от одежды,0,4
запах от одежды как избавиться,запах от одежды,0,3
запах затхлости от одежды как избавиться,запах от одежды,0,3
как отмыть запах бензина от одежды,запах от одежды,0,3
чем отстирать запах гари от одежды после пожара,запах от одежды,0,3
как убрать запах от духов с одежды,запах от одежды,0,3
неприятный запах от одежды после стирки,запах от одежды,0,3
как убрать запах дизельного топлива с одежды,запах от одежды,0,2
как убрать запах рыбьего жира с одежды,запах от одежды,0,2
как убрать запах ацетона с одежды,запах от одежды,0,1
как убрать едкий запах с одежды,запах от одежды,0,1
можно ли вывести запах сырости с одежды,запах от одежды,0,1
как убрать запах рыбы с одежды,запах от одежды,0,1
как убрать запах фекалий с одежды,запах от одежды,0,1
как убрать запах от секонд хенда с одежды,запах от одежды,0,1
как убрать запах шкафа с одежды,запах от одежды,0,1
запах плесени от одежды как избавиться,запах от одежды,1,4
затхлый запах от одежды после стирки в машинке,запах от одежды,1,4
как убрать запах от одежды без стирки,запах от одежды,1,4
запах от одежды после стирки,запах от одежды,1,3
как устранить запах от одежды,запах от одежды,1,3
затхлый запах от одежды в шкафу,запах от одежды,1,2
как убрать запах гари от одежды,запах от одежды,1,2
чем убрать запах дизельного топлива с одежды,запах от одежды,1,2
как убрать неприятный запах от одежды,запах от одежды,1,2
чем отстирать запах пота от спортивной одежды,запах от одежды,1,2
чем убрать запах ацетона с одежды,запах от одежды,1,1
как убрать запах духов с одежды,запах от одежды,1,1
как убрать запах еды с одежды без стирки,запах от одежды,1,1
как вывести запах рыбьего жира с одежды,запах от одежды,1,1
запах секонд-хенда как убрать запах с одежды,запах от одежды,1,1
убрать затхлый запах с одежды после долгого лежания,запах от одежды,1,1
как убрать запах растворителя с одежды,запах от одежды,1,1
как убрать запах от одежды из секонд хенда,запах от одежды,1,1
как убрать запах от одежды,запах от одежды,2,3
чем отстирать запах секонд хенда от одежды,запах от одежды,2,2
как вывести запах ацетона с одежды,запах от одежды,2,1
как отстирать запах бензина от одежды,запах от одежды,2,1
как вывести запах гари с одежды,запах от одежды,2,1
как убрать запах дыма с одежды,запах от одежды,2,1
как убрать запах еды с одежды,запах от одежды,2,1
как убрать запах жира с одежды,запах от одежды,2,1
за сколько выветривается запах сигарет с одежды,запах от одежды,2,1
выветривается ли запах бензина с одежды,запах от одежды,2,1
как отстирать запах пота с одежды под мышками,запах от одежды,2,1
как убрать неприятный запах с одежды,запах от одежды,2,1
чем вывести запах растворителя с одежды,запах от одежды,2,1
как убрать тухлый запах с одежды после стирки,запах от одежды,2,1
как отстирать запах пота от одежды,запах от одежды,3,3
через сколько выветривается запах сигарет от одежды,запах от одежды,3,3
чем отстирать запах бензина от одежды,запах от одежды,3,2
как убрать запах гари с одежды,запах от одежды,3,1
как вывести запах еды с одежды,запах от одежды,3,1
чем убрать запах рыбьего жира с одежды,запах от одежды,3,1
затхлый запах от одежды как избавиться,запах от одежды,3,1
выветривается ли запах сигарет с одежды,запах от одежды,3,1
как вывести запах пота с одежды под мышками,запах от одежды,3,1
не отстирывается запах пота под мышками с одежды,запах от одежды,3,1
как вывести запах растворителя с одежды,запах от одежды,3,1
как вывести запах дизельного топлива с одежды,запах от одежды,3,1
как убрать запах с одежды из секонд хенда,запах от одежды,3,1
чем убрать запах бензина с одежды,запах от одежды,4,2
запах сырости от одежды как избавиться,запах от одежды,4,2
как убрать запах от одежды затхлый,запах от одежды,4,2
чем убрать запах пота с одежды под мышками,запах от одежды,4,2
чем отстирать запах пота от одежды,запах от одежды,4,2
как вывести запах пота с одежды,запах от одежды,4,1
как вывести запах гари с одежды после пожара,запах от одежды,4,1
чем убрать запах духов с одежды,запах от одежды,4,1
чем вывести запах рыбьего жира с одежды,запах от одежды,4,1
убирает ли отпариватель запах с одежды,запах от одежды,4,1
как убрать неприятный запах с одежды при стирке,запах от одежды,4,1
как отстирать запах пота от спортивной одежды,запах от одежды,4,1
чем убрать запах рыбы с одежды,запах от одежды,4,1
как убрать запах тухлости с одежды после стирки,запах от одежды,4,1
как убрать запах секонд хенда с одежды,запах от одежды,4,1
как вывести запах бензина с одежды,запах от одежды,5,2
как отстирать бензин с одежды и убрать запах,запах от одежды,5,1
чем убрать запах гари с одежды после пожара,запах от одежды,5,1
убрать запах бензина с одежды в домашних условиях,запах от одежды,5,1
запах пота с одежды избавиться,запах от одежды,5,1
выветривается ли запах костра с одежды,запах от одежды,5,1
чем отстирать запах пота с одежды под мышками,запах от одежды,5,1
как убрать неприятный запах с одежды без стирки,запах от одежды,5,1
как вывести запах рыбы с одежды,запах от одежды,5,1
чем вывести запах дизельного топлива с одежды,запах от одежды,5,1
как вывести запах секонд хенда с одежды,запах от одежды,5,1
чем убрать запах от одежды,запах от одежды,5,1
как убрать запах пота от одежды,запах от одежды,6,2
как убрать запах бензина с одежды,запах от одежды,6,1
как убрать запах гари с одежды после пожара,запах от одежды,6,1
чем убрать запах дыма с одежды,запах от одежды,6,1
запах пота с одежды избавиться при стирке,запах от одежды,6,1
чем вывести запах кошачьей мочи с одежды,запах от одежды,6,1
как убрать запах с новой одежды,запах от одежды,6,1
чем убрать запах табака с одежды,запах от одежды,6,1
как удалить запах секонд хенда с одежды,запах от одежды,6,1
как убрать запах сырости от одежды,запах от одежды,7,2
запах аммиака от одежды,запах от одежды,7,1
чем вывести запах пота с одежды,запах от одежды,7,1
как отстирать запах гари с одежды,запах от одежды,7,1
как убрать неприятный запах из одежды,запах от одежды,7,1
как убрать запах пота с одежды под мышками,запах от одежды,7,1
как убрать запах нафталина с одежды,запах от одежды,7,1
как вывести рыбный запах с одежды,запах от одежды,7,1
как убрать тухлый запах с одежды,запах от одежды,7,1
чем вывести запах секонд хенда с одежды,запах от одежды,7,1
чем вывести запах бензина с одежды,запах от одежды,8,2
чем вывести запах солярки с одежды,запах от одежды,8,1
как удалить запах гари с одежды,запах от одежды,8,1
как убрать запах дезодоранта с одежды,запах от одежды,8,1
как вывести неприятный запах из одежды,запах от одежды,8,1
как выстирать запах пота с одежды под мышками,запах от одежды,8,1
как убрать неприятный запах с одежды после стирки,запах от одежды,8,1
чем вывести запах рыбы с одежды,запах от одежды,8,1
как удалить запах табака с одежды,запах от одежды,8,1
чем убрать запах с одежды из секонд хенда,запах от одежды,8,1
как убрать запах аммиака с одежды,запах от одежды,9,1
как быстро убрать запах пота с одежды,запах от одежды,9,1
чем вывести запах гари с одежды,запах от одежды,9,1
как удалить запах духов с одежды,запах от одежды,9,1
запах пота от одежды как избавиться,запах от одежды,9,1
как вывести запах кошачьей мочи с одежды,запах от одежды,9,1
как вывести неприятный запах с одежды,запах от одежды,9,1
как удалить запах рыбы с одежды,запах от одежды,9,1
как вывести запах табака с одежды,запах от одежды,9,1
как отстирать запах секонд хенда с одежды,запах от одежды,9,1
чем убрать запах солярки с одежды,запах от одежды,9,1
запах от пожилых людей почему и как бороться,запах от пожилых,0,8
запах от пожилых людей как избавиться,запах от пожилых,0,6
почему от пожилых людей неприятный запах,запах от пожилых,0,6
неприятный запах мочи у пожилых женщин,запах от пожилых,0,3
почему у старых людей появляется запах,запах от пожилых,0,3
почему от пожилых людей неприятный запах старого человека,запах от пожилых,0,3
почему от старых людей специфический запах,запах от пожилых,0,3
почему от старых людей специфический запах от тела,запах от пожилых,0,2
как убрать запах в квартире от старых хозяев,запах от пожилых,0,2
как убрать запах из квартиры от старых жильцов,запах от пожилых,0,1
как убрать запах старых вещей из шкафа,запах от пожилых,0,1
запах от пожилых людей почему и как,запах от пожилых,1,6
запах от пожилых людей,запах от пожилых,1,4
почему от пожилых людей идет специфический запах,запах от пожилых,1,4
как убрать запах старых вещей,запах от пожилых,1,3
чем убрать запах старых вещей,запах от пожилых,1,3
запах старых книг,запах от пожилых,1,2
как изменить запах в квартире после старых хозяев,запах от пожилых,1,2
как вывести запах из квартиры от старых жильцов,запах от пожилых,1,1
запах от пожилых людей почему,запах от пожилых,2,5
запах старых вещей как называется,запах от пожилых,2,4
запах старых книг как избавиться,запах от пожилых,2,3
как убрать запах со старых книг,запах от пожилых,2,3
запах от старых людей,запах от пожилых,2,1
как убрать запах от старых книг,запах от пожилых,3,3
запах старых книг как называется,запах от пожилых,3,2
запах старых вещей,запах от пожилых,3,1
запах от раковых больных,запах от пожилых,3,1
как убрать запах старых книг,запах от пожилых,5,2
запах от пожилых,запах от пожилых,5,1
запах старых людей,запах от пожилых,7,1
запах пожилого человека в квартире как избавиться,запах пожилого человека,0,13
как убрать запах пожилого человека в квартире,запах пожилого человека,0,13
как убрать запах в доме после стариков,запах пожилого человека,0,11
как убрать запах мочи в квартире пожилого человека,запах пожилого человека,0,11
чем убрать неприятный запах в квартире от пожилого человека,запах пожилого человека,0,9
запах пожилого человека причины и лечение,запах пожилого человека,0,8
как убрать запах пожилого человека,запах пожилого человека,0,8
запах стариков как избавиться,запах пожилого человека,0,8
почему у стариков специфический запах тела,запах пожилого человека,0,8
запах стариков что это,запах пожилого человека,0,7
запах от стариков специфический почему,запах пожилого человека,0,7
запах пожилого человека,запах пожилого человека,0,6
запах от пожилого человека как избавиться,запах пожилого человека,0,6
невестке не понравился запах стариков,запах пожилого человека,0,6
запах изо рта у пожилого человека,запах пожилого человека,0,3
запах от стариков,запах пожилого человека,0,3
как устранить запах мочи в квартире пожилого человека,запах пожилого человека,1,11
чем убрать запах в квартире пожилого человека,запах пожилого человека,1,10
чем убрать запах в квартире пожилого человека неприятный запах,запах пожилого человека,1,9
как устранить запах в квартире после пожилого человека,запах пожилого человека,1,7
запах пожилого человека причины,запах пожилого человека,1,6
неприятный запах от пожилого человека,запах пожилого человека,1,6
как убрать запах мочи пожилого человека,запах пожилого человека,1,6
запах изо рта у пожилого человека причины,запах пожилого человека,1,3
чем убрать запах мочи человека в квартире пожилого,запах пожилого человека,2,10
почему у стариков специфический запах,запах пожилого человека,2,6
запах от пожилого человека,запах пожилого человека,2,5
почему запах от стариков,запах пожилого человека,2,3
запах от стариков причины,запах пожилого человека,3,3
запах от пожилого человека причины,запах пожилого человека,3,2
как убрать запах от пожилого человека,запах пожилого человека,4,4
как убрать запах мочи в комнате пожилого человека,запах пожилого человека,4,1
как отстирать запах мочи с одежды пожилого человека,запах пожилого человека,5,1
запах старика почему появляется,запах старика,0,4
запах старика,запах старика,0,1
запах больного человека,запах старика,1,1
запах стариков,запах старика,2,1
чем убрать запах от лежачего больного,запах старика,2,1
запах от больного сахарным диабетом,запах старика,3,1
запах от онкологического больного почему,запах старика,4,1
запах от лежачего больного,запах старика,7,1
как убрать запах больного человека в квартире,запах старика,9,1
старческий запах у женщин,запах старости,0,7
запах старости от тела причины у мужчин,запах старости,0,6
запах старости от тела причины у женщины,запах старости,0,6
старческий запах от тела женщины как избавиться,запах старости,0,6
старческий запах как называется,запах старости,0,6
как убрать старческий запах с вещей,запах старости,0,6
запах старости в квартире как избавиться,запах старости,0,5
как убрать запах старости в квартире,запах старости,0,5
запах старости от тела причины,запах старости,0,4
как убрать запах старости в доме,запах старости,0,4
гормон старости запах как называется,запах старости,0,4
как убрать старческий запах в доме,запах старости,0,4
старческий запах мочи у женщин причины,запах старости,0,4
как убрать запах старости из шкафа,запах старости,0,4
как убрать запах старости с тела,запах старости,0,4
нонаналь запах старости,запах старости,0,4
ноненаль запах старости,запах старости,0,4
во сколько лет появляется запах старости,запах старости,0,3
почему появляется старческий запах у пожилых людей,запах старости,0,3
как убрать с рыбы запах старости,запах старости,0,3
старческий запах изо рта,запах старости,0,3
запах старости как называется,запах старости,0,2
откуда берется старческий запах,запах старости,0,2
запах старости изо рта,запах старости,0,2
старческий запах название,запах старости,0,2
как вывести старческий запах из квартиры без ремонта,запах старости,0,2
запах старости что это,запах старости,0,2
старческий запах это,запах старости,0,2
запах старости,запах старости,0,1
откуда берется запах старости,запах старости,0,1
запах старости название,запах старости,0,1
запах старости причины,запах старости,0,1
запах старости это,запах старости,0,1
старческий запах от тела мужчины причины,запах старости,1,7
старческий запах изо рта у женщин,запах старости,1,5
старческий запах у мужчин,запах старости,1,4
запах старости от тела,запах старости,1,3
запах старости от тела мужчины причины и лечение,запах старости,1,3
запах старости ноненаль,запах старости,1,3
чем убрать старческий запах с тела,запах старости,1,3
запах старости от тела причины у женщины как избавиться,запах старости,1,2
чем убрать запах в доме от старости,запах старости,1,2
запах старости как избавиться,запах старости,1,2
старческий запах мочи,запах старости,1,2
откуда берется запах старости от человека,запах старости,1,1
запах старости в квартире как избавиться почему появляется,запах старости,1,1
в каком возрасте появляется запах старости у женщин,запах старости,1,1
запах старости из влагалища,запах старости,1,1
как убрать запах старости,запах старости,1,1
запах старости чем пахнет,запах старости,1,1
как убрать запах старости из шкафа с одеждой,запах старости,1,1
старческий запах от тела женщины причины,запах старости,2,7
старческий запах изо рта у мужчины,запах старости,2,5
запах старости от человека почему появляется,запах старости,2,4
как вывести запах старости из дома,запах старости,2,2
как убрать старческий запах с тела,запах старости,2,2
запах старости в квартире почему появляется,запах старости,2,1
запах старости от тела причины у женщины в 50,запах старости,2,1
запах старости как убрать,запах старости,2,1
запах старости от молодого человека,запах старости,2,1
как называется запах старости,запах старости,2,1
чем убрать запах старости в шкафу,запах старости,2,1
чем убрать запах старости в доме,запах старости,3,2
как убрать запах старости с тела человека,запах старости,3,2
запах старости в квартире почему появляется и как избавиться,запах старости,3,1
запах старости какой,запах старости,3,1
запах старости от тела мужчины причины,запах старости,3,1
как убрать запах старости с одежды,запах старости,3,1
запах старости от человека как избавиться,запах старости,4,4
запах старости от человека,запах старости,4,3
старческий запах от тела женщины как,запах старости,4,3
запах старости от тела как называется,запах старости,4,3
запах старости в квартире,запах старости,4,1
как убрать запах старости в доме деревянном,запах старости,4,1
как убрать из квартиры запах старости,запах старости,5,2
запах старости в доме,запах старости,5,1
как убрать из дома запах старости,запах старости,5,1
запах старости от тела причины как избавиться,запах старости,5,1
как устранить запах старости от тела,запах старости,6,2
запах старости вещество,запах старости,6,1
нафталин запах старости,запах старости,6,1
от чего появляется запах старости,запах старости,6,1
запах старости от тела как избавиться,запах старости,7,3
запах старости в шкафу,запах старости,7,1
чем вывести запах старости из дома,запах старости,7,1
почему возникает запах старости,запах старости,7,1
чем убрать запах старости,запах старости,7,1
что такое запах старости,запах старости,9,2
запах старости от тела причины у женщины как,запах старости,9,1
как вывести запах старости из квартиры,запах старости,9,1
странный запах от тела женщины после 40 лет,запах тела после 40,0,9
неприятный запах тела женщины причины после 40,запах тела после 40,0,6
неприятный запах от тела женщины причины после 40,запах тела после 40,0,5
как улучшить запах тела женщины после 40,запах тела после 40,0,5
неприятный запах от тела мужчины причины после 40,запах тела после 40,0,5
запах тела после 40,запах тела после 40,0,1
сладковатый запах от тела женщины причины после 40 лет,запах тела после 40,1,2
неприятный запах от тела мужчины причины после 50,запах тела после 50,0,5
неприятный запах от тела женщины причины после 50,запах тела после 50,0,4
запах уксуса от тела женщины после 50 лет причины,запах тела после 50,0,2
сладковатый запах от тела женщины причины после 50 лет,запах тела после 50,1,2
как избавиться от запаха старости в шкафу с одеждой,как избавиться от запаха старости,0,5
как избавиться от запаха старости тела после 50 лет,как избавиться от запаха старости,0,5
как избавиться от запаха старости в квартире быстро в домашних условиях,как избавиться от запаха старости,0,4
как избавиться от запаха старости в доме,как избавиться от запаха старости,0,3
как избавиться от запаха старости на даче,как избавиться от запаха старости,0,3
как избавиться от запаха старости от тела,как избавиться от запаха старости,0,3
как избавиться от запаха старости в квартире,как избавиться от запаха старости,0,2
как избавиться от запаха старости тела после 60 лет в домашних условиях,как избавиться от запаха старости,0,2
как избавиться от запаха старости,как избавиться от запаха старости,0,1
как избавиться от запаха старости тела после 60 лет,как избавиться от запаха старости,1,5
как избавиться от запаха старости на одежде,как избавиться от запаха старости,1,3
как избавиться от запаха старости в квартире быстро в домашних,как избавиться от запаха старости,1,3
как избавиться от запаха старости в шкафу,как избавиться от запаха старости,1,2
как избавиться от запаха старости на теле,как избавиться от запаха старости,2,1
как избавиться от запаха старости тела,как избавиться от запаха старости,2,1
как избавиться от запаха дома от старости,как избавиться от запаха старости,3,2
как избавиться от запаха старости в квартире быстро в домашних условиях народными средствами,как избавиться от запаха старости,4,2
как избавиться от запаха старости в квартире где живет старый человек,как избавиться от запаха старости,6,1
как избавиться от запаха старости в комнате,как избавиться от запаха старости,8,1
вещество из коры дуба для дубления кожи,кора дуба для кожи,0,3
кора дуба для кожи лица,кора дуба для кожи,0,2
кора дуба для кожи головы,кора дуба для кожи,0,2
кора дуба для кожи,кора дуба для кожи,0,1
японское мыло от запаха старости,мыло от запаха старости,0,4
мыло от запаха старости япония купить,мыло от запаха старости,0,3
мыло от запаха старости отзывы,мыло от запаха старости,0,2
мыло от запаха старости,мыло от запаха старости,0,1
мыло от запаха старости япония,мыло от запаха старости,1,2
мыло с экстрактом хурмы,мыло с хурмой,0,5
мыло с танином из хурмы,мыло с хурмой,0,3
мыло с хурмой купить,мыло с хурмой,0,2
мыло с хурмой отзывы,мыло с хурмой,0,2
японское мыло с хурмой,мыло с хурмой,0,2
мыло с хурмой,мыло с хурмой,0,1
мыло с экстрактом персиммона хурмы,мыло с хурмой,0,1
мыло с экстрактом хурмы купить,мыло с хурмой,1,6
купить японское мыло с хурмой,мыло с хурмой,1,3
японское мыло с экстрактом хурмы,мыло с хурмой,2,2
мыло из хурмы,мыло с хурмой,6,1
неприятный запах от кожи тела причины у мужчины,неприятный запах тела,0,5
неприятный запах тела причины у женщин,неприятный запах тела,0,4
запах от тела неприятный у мужчин причины возникновения,неприятный запах тела,0,4
запах от тела неприятный у женщин причины,неприятный запах тела,0,4
запах тела человека неприятный причины у женщин,неприятный запах тела,0,4
неприятный запах тела женщины причины,неприятный запах тела,0,3
неприятный запах тела мужчины причины,неприятный запах тела,0,3
что делать если от тела неприятный запах,неприятный запах тела,0,3
как убрать неприятный запах с тела,неприятный запах тела,0,3
почему от тела идет неприятный запах,неприятный запах тела,0,2
запах тела изменился на неприятный,неприятный запах тела,0,2
неприятный запах от тела после алкоголя,неприятный запах тела,0,1
почему от тела идет неприятный запах даже после душа,неприятный запах тела,0,1
неприятный запах от тела женщины причины после 60 лет,неприятный запах тела,0,1
какие продукты вызывают неприятный запах тела,неприятный запах тела,1,3
неприятный запах от тела женщины причины,неприятный запах тела,1,3
чувствую от себя неприятный запах тела,неприятный запах тела,1,3
неприятный запах тела причины,неприятный запах тела,1,2
неприятный запах тела мужчины,неприятный запах тела,1,2
запах от тела неприятный у женщин причины и лечение,неприятный запах тела,1,2
запах от тела неприятный у мужчин причины,неприятный запах тела,2,4
неприятный запах тела женщины причины как устранить,неприятный запах тела,2,2
неприятный запах тела мужчины даже после мытья причины,неприятный запах тела,2,2
запах тела человека неприятный причины,неприятный запах тела,2,2
как убрать неприятный запах тела,неприятный запах тела,2,2
после сна в комнате неприятный запах от человека,неприятный запах тела,2,1
почему от тела неприятный запах даже после душа,неприятный запах тела,2,1
от тела исходит неприятный запах почему,неприятный запах тела,2,1
запах от тела неприятный у женщин причины и лечение причины,неприятный запах тела,2,1
почему запах тела стал неприятный,неприятный запах тела,2,1
неприятный запах тела женщины,неприятный запах тела,3,2
неприятный запах от кожи тела причины,неприятный запах тела,3,2
неприятный запах тела,неприятный запах тела,3,1
неприятный запах из тела,неприятный запах тела,3,1
запах тела человека неприятный причины у мужчин,неприятный запах тела,4,2
как убрать запах от тела неприятный,неприятный запах тела,4,1
неприятный запах от тела,неприятный запах тела,4,1
появился неприятный запах от тела женщины причины,неприятный запах тела,5,3
появился неприятный запах от тела мужчины причины,неприятный запах тела,5,2
неприятный запах от тела как избавиться,неприятный запах тела,6,2
неприятный запах от тела мужчины причины,неприятный запах тела,6,1
неприятный запах пота у мужчин от тела причины,неприятный запах тела,7,2
почему запах от тела неприятный у женщин причины,неприятный запах тела,8,1
ноненаль как избавиться от запаха,ноненаль,0,5
ноненаль что это такое простыми,ноненаль,0,5
ноненаль что это такое,ноненаль,0,4
ноненаль что это,ноненаль,0,3
нонаналь структурная формула,ноненаль,0,3
ноненаль это,ноненаль,0,2
аттрактант нонаналь,ноненаль,0,1
вещество ноненаль,ноненаль,0,1
два ноненаль,ноненаль,0,1
молекула ноненаль,ноненаль,0,1
нонаналь формула,ноненаль,0,1
ноненаль как избавиться,ноненаль,1,3
ноненаль что это такое простыми словами,ноненаль,1,2
ноненаль,ноненаль,1,1
нонаналь запах,ноненаль,1,1
чем пахнет ноненаль,ноненаль,1,1
что такое ноненаль,ноненаль,2,2
ноненаль чем пахнет,ноненаль,3,2
чем смыть ноненаль,ноненаль,4,1
ноненаль что,ноненаль,4,1
запах ноненаль,ноненаль,5,1
чем смыть 2 ноненаль,ноненаль,5,1
средство от запаха тела,средство от запаха тела,0,1
средство от запаха мочи человека в комнате,средство от запаха тела,0,1
средство от старческого запаха тела,средство от запаха тела,1,1
средство от запаха мочи человека в туалете,средство от запаха тела,1,1
средство от запаха старости тела,средство от запаха тела,2,1
средство от мух в помещении без запаха безопасное для человека,средство от запаха тела,2,1
старческий запах в квартире как избавиться,старческий запах,0,9
старческий запах причины и как избавиться,старческий запах,0,6
как убрать бабушкин запах из квартиры,старческий запах,0,6
старческий запах что это,старческий запах,0,1
чем убрать старческий запах в квартире,старческий запах,1,4
старческий запах,старческий запах,1,3
старческий запах причины,старческий запах,1,3
старческий запах в квартире,старческий запах,1,2
старческий запах как избавиться,старческий запах,1,2
старческий запах от тела,старческий запах,2,4
как убрать старческий запах,старческий запах,2,3
старческий запах в квартире как избавиться в домашних условиях,старческий запах,2,2
почему появляется старческий запах,старческий запах,2,2
чем убрать старческий запах,старческий запах,2,2
как убрать старческий запах от тела,старческий запах,3,4
старческий запах в квартире причины и как избавиться от запаха,старческий запах,3,2
как убрать старческий запах в квартире,старческий запах,4,6
как убрать старческий запах из квартиры,старческий запах,4,4
почему появляется старческий запах от тела,старческий запах,4,2
от чего появляется старческий запах от тела,старческий запах,4,2
старческий запах от тела мужчины причины как избавиться от запаха,старческий запах,4,1
старческий запах от тела женщины как избавиться в домашних,старческий запах,5,1
что такое старческий запах,старческий запах,5,1
как убрать старческий запах тела,старческий запах,6,3
старческий запах от тела женщины как избавиться в домашних условиях,старческий запах,6,1
от чего старческий запах,старческий запах,6,1
как вывести старческий запах из квартиры,старческий запах,7,3
старческий запах от тела женщины как избавиться в домашних условиях без вреда для здоровья,старческий запах,7,1
от чего появляется старческий запах,старческий запах,7,1
старческий запах от тела причины и как избавиться,старческий запах,8,2
в каком возрасте появляется старческий запах,старческий запах,9,3
японское мыло от старческого запаха купить,японское мыло от запаха,0,3
японское мыло от старческого запаха,японское мыло от запаха,2,2
